Time, Depth(RAW), Depth(AVG), Velocity(RAW), Velocity(AVG), Temperature(RAW), Battery(RAW), Quartile(RAW), Samples(RAW)
 , mm, mm, mm/s, mm/s, degC, V,  ,  
2017-8-12 00:00:00, 479, 483, 561, 546, 12.23, 12.84, 28, 200
2017-8-12 12:00:00, 479, 480, 550, 550, 12.30, 14.38, 22, 200
2017-8-13 00:00:00, 485, 485, 573, 548, 12.23, 12.84, 31, 200
2017-8-13 12:00:00, 482, 482, 514, 548, 12.30, 14.14, 52, 200
2017-8-14 00:00:00, 485, 485, 547, 548, 12.23, 12.81, 47, 200
2017-8-14 12:00:00, 482, 484, 409, 446, 12.89, 13.69, 89, 200
2017-8-15 00:00:00, 482, 487, 398, 381, 12.69, 12.81, 111, 200
2017-8-15 12:00:00, 482, 481, 298, 336, 12.56, 13.37, 109, 200
2017-8-16 00:00:00, 482, 486, 417, 340, 12.63, 12.79, 119, 200
2017-8-16 12:00:00, 482, 484, 357, 348, 12.49, 13.32, 96, 200
2017-8-17 00:00:00, 479, 493, 336, 344, 12.63, 12.81, 110, 200
2017-8-17 12:00:00, 493, 483, 308, 338, 12.63, 13.19, 109, 200
2017-8-18 00:00:00, 485, 492, 318, 339, 12.49, 12.81, 108, 200
2017-8-18 12:00:00, 490, 488, 495, 459, 12.36, 13.72, 64, 200
2017-8-19 00:00:00, 479, 490, 541, 520, 12.30, 12.87, 55, 200
2017-8-19 12:00:00, 490, 485, 502, 549, 12.36, 13.72, 58, 200
2017-8-20 00:00:00, 487, 492, 533, 541, 12.30, 12.81, 47, 200
2017-8-20 12:00:00, 485, 485, 621, 551, 12.36, 13.87, 50, 200
2017-8-21 00:00:00, 485, 491, 577, 548, 12.30, 12.84, 47, 200
2017-8-21 12:00:00, 493, 487, 505, 545, 12.30, 13.08, 56, 200
2017-8-22 00:00:00, 490, 492, 522, 547, 12.23, 12.79, 66, 200
2017-8-22 12:00:00, 487, 485, 513, 551, 12.23, 12.95, 53, 200
2017-8-23 00:00:00, 487, 499, 596, 555, 12.36, 12.79, 48, 200
2017-8-23 12:00:00, 493, 490, 623, 556, 12.30, 13.29, 43, 200
2017-8-24 00:00:00, 487, 494, 620, 544, 12.23, 12.73, 52, 200
2017-8-24 12:00:00, 487, 492, 443, 512, 12.30, 13.24, 66, 200
2017-8-25 00:00:00, 490, 495, 462, 500, 12.43, 12.81, 85, 200
2017-8-25 12:00:00, 503, 493, 489, 504, 12.43, 13.37, 73, 200
2017-8-26 00:00:00, 493, 497, 458, 420, 12.36, 12.81, 92, 200
2017-8-26 12:00:00, 490, 492, 412, 402, 12.49, 13.53, 109, 200
2017-8-27 00:00:00, 487, 491, 522, 540, 12.23, 12.81, 48, 200
2017-8-27 12:00:00, 493, 489, 639, 569, 12.30, 13.37, 48, 200
2017-8-28 00:00:00, 490, 494, 580, 542, 13.02, 12.73, 74, 184
2017-8-28 12:00:00, 493, 492, 520, 543, 13.02, 12.71, 169, 17
2017-8-29 00:00:00, 490, 495, 501, 535, 13.02, 12.76, 137, 9
2017-8-29 12:00:00, 485, 490, 534, 522, 13.09, 13.34, 212, 84
2017-8-30 00:00:00, 490, 494, 520, 521, 13.02, 12.76, 155, 75
2017-8-30 12:00:00, 490, 495, 385, 474, 12.43, 13.45, 84, 200
2017-8-31 00:00:00, 490, 495, 436, 396, 12.43, 12.81, 106, 200
2017-8-31 12:00:00, 495, 492, 388, 396, 12.63, 13.48, 98, 200
2017-9-1 00:00:00, 495, 498, 394, 374, 12.69, 12.79, 136, 200
2017-9-1 12:00:00, 495, 494, 391, 378, 12.69, 13.42, 92, 200
2017-9-2 00:00:00, 493, 497, 327, 365, 12.82, 12.79, 93, 200
2017-9-2 12:00:00, 495, 495, 329, 378, 12.76, 13.32, 91, 200
2017-9-3 00:00:00, 495, 498, 456, 379, 12.36, 12.79, 63, 200
2017-9-3 12:00:00, 498, 497, 373, 387, 12.56, 13.50, 98, 200
2017-9-4 00:00:00, 498, 499, 460, 394, 12.63, 12.79, 85, 200
2017-9-4 12:00:00, 495, 496, 332, 373, 12.69, 13.16, 118, 200
2017-9-5 00:00:00, 495, 494, 374, 345, 12.89, 12.76, 102, 200
2017-9-5 12:00:00, 503, 497, 56, 257, 13.02, 13.05, 134, 177
2017-9-6 00:00:00, 495, 502, 497, 401, 12.89, 12.73, 187, 200
2017-9-6 12:00:00, 495, 495, 421, 441, 12.76, 13.45, 122, 200
2017-9-7 00:00:00, 495, 500, 368, 434, 12.63, 12.76, 134, 200
2017-9-7 12:00:00, 506, 500, 445, 485, 12.82, 13.42, 120, 200
2017-9-8 00:00:00, 495, 502, 524, 488, 12.49, 12.81, 81, 200
2017-9-8 12:00:00, 498, 498, 496, 511, 12.63, 13.34, 114, 200
2017-9-9 00:00:00, 500, 502, 495, 494, 12.69, 12.73, 84, 200
2017-9-9 12:00:00, 519, 507, 443, 474, 12.82, 12.97, 152, 118
2017-9-10 00:00:00, 495, 510, 453, 480, 12.49, 12.76, 108, 200
2017-9-10 12:00:00, 508, 502, 408, 482, 12.69, 13.11, 120, 200
2017-9-11 00:00:00, 498, 504, 536, 492, 12.63, 12.63, 129, 200
2017-9-11 12:00:00, 503, 502, 564, 493, 12.76, 13.34, 68, 200
2017-9-12 00:00:00, 498, 503, 567, 488, 12.43, 12.79, 57, 200
2017-9-12 12:00:00, 498, 497, 486, 480, 12.69, 13.48, 72, 200
2017-9-13 00:00:00, 500, 502, 551, 495, 12.69, 12.76, 96, 200
2017-9-13 12:00:00, 514, 506, 443, 512, 12.82, 13.42, 135, 200
2017-9-14 00:00:00, 498, 507, 395, 480, 12.63, 12.76, 104, 200
2017-9-14 12:00:00, 506, 501, 412, 503, 12.89, 13.16, 126, 200
2017-9-15 00:00:00, 503, 503, 623, 488, 12.49, 12.66, 61, 200
2017-9-15 12:00:00, 511, 505, 449, 511, 12.43, 13.05, 75, 200
2017-9-16 00:00:00, 506, 507, 529, 507, 12.30, 12.76, 60, 200
2017-9-16 12:00:00, 503, 505, 446, 516, 12.49, 13.19, 91, 200
2017-9-17 00:00:00, 500, 506, 488, 525, 12.49, 12.76, 112, 200
2017-9-17 12:00:00, 508, 503, 460, 540, 12.49, 13.37, 90, 189
2017-9-18 00:00:00, 503, 504, 387, 513, 12.56, 12.73, 92, 150
2017-9-18 12:00:00, 503, 503, 519, 514, 12.43, 12.97, 52, 200
2017-9-19 00:00:00, 508, 505, 409, 505, 12.36, 12.79, 98, 200
2017-9-19 12:00:00, 500, 504, 496, 488, 12.63, 13.87, 111, 200
2017-9-20 00:00:00, 500, 506, 587, 519, 12.23, 12.79, 52, 200
2017-9-20 12:00:00, 506, 504, 505, 525, 12.49, 12.89, 78, 200
2017-9-21 00:00:00, 503, 509, 410, 504, 12.56, 12.68, 102, 200
2017-9-21 12:00:00, 511, 506, 540, 507, 12.49, 13.64, 109, 200
2017-9-22 00:00:10, 506, 508, 594, 523, 12.43, 12.79, 57, 200
2017-9-22 12:00:10, 511, 505, 468, 526, 12.49, 13.87, 108, 200
2017-9-23 00:00:10, 503, 509, 452, 515, 12.43, 12.79, 98, 200
2017-9-23 12:00:10, 506, 504, 389, 519, 12.56, 13.42, 129, 200
2017-9-24 00:00:10, 503, 507, 486, 510, 12.36, 12.76, 80, 200
2017-9-24 12:00:10, 503, 501, 547, 515, 12.36, 13.45, 65, 200
2017-9-25 00:00:10, 506, 503, 531, 523, 12.30, 12.76, 65, 200
2017-9-25 12:00:10, 529, 509, 529, 542, 12.43, 13.66, 58, 200
2017-9-26 00:00:10, 503, 518, 560, 520, 12.30, 12.79, 72, 200
2017-9-26 12:00:10, 500, 501, 464, 523, 12.43, 12.95, 93, 200
2017-9-27 00:00:10, 500, 505, 433, 541, 12.76, 12.71, 140, 200
2017-9-27 12:00:10, 508, 502, 576, 553, 12.36, 13.11, 66, 200
2017-9-28 00:00:10, 503, 509, 542, 527, 12.56, 12.71, 65, 200
2017-9-28 12:00:10, 514, 508, 524, 536, 12.49, 13.32, 80, 200
2017-9-29 00:00:10, 503, 509, 352, 404, 12.96, 12.66, 187, 122
2017-9-29 12:00:10, 503, 500, 325, 366, 13.09, 13.08, 254, 180
2017-9-30 00:00:10, 511, 511, 421, 324, 12.89, 12.68, 133, 200
2017-9-30 12:00:10, 503, 505, 553, 399, 12.89, 12.66, 154, 200
2017-10-1 00:00:10, 503, 511, 320, 364, 12.56, 12.71, 107, 200
2017-10-1 12:00:10, 508, 504, 385, 358, 12.69, 13.05, 102, 200
2017-10-2 00:00:10, 514, 514, 372, 338, 12.89, 12.71, 102, 200
2017-10-2 12:00:10, 506, 504, 371, 371, 12.82, 12.66, 164, 172
2017-10-3 00:00:10, 500, 510, 391, 357, 12.96, 12.60, 158, 128
2017-10-3 12:00:10, 500, 501, 327, 351, 12.96, 13.13, 116, 200
2017-10-4 00:00:10, 498, 508, 323, 325, 12.76, 12.66, 114, 185
2017-10-4 12:00:10, 498, 497, 227, 315, 13.09, 12.97, 231, 131
2017-10-5 00:00:10, 498, 505, 324, 295, 12.76, 12.55, 101, 184
2017-10-5 12:00:10, 490, 495, 273, 318, 13.02, 13.05, 88, 97
2017-10-6 00:00:10, 506, 510, 418, 361, 12.82, 12.71, 108, 200
2017-10-6 12:00:10, 506, 504, 331, 387, 12.89, 12.71, 110, 151
2017-10-7 00:00:10, 506, 508, 374, 379, 12.69, 12.68, 113, 200
2017-10-7 12:00:10, 503, 503, 323, 377, 13.02, 12.79, 113, 169
2017-10-8 00:00:10, 503, 509, 357, 390, 13.02, 12.71, 110, 133
2017-10-8 12:00:10, 503, 502, 409, 397, 13.02, 12.95, 118, 184
2017-10-9 00:00:10, 503, 509, 424, 363, 13.02, 12.63, 153, 117
2017-10-9 12:00:10, 508, 505, 313, 418, 13.15, 13.19, 146, 86
2017-10-10 00:00:10, 498, 507, 371, 417, 13.02, 12.66, 146, 200
2017-10-10 12:00:10, 508, 505, 376, 345, 12.96, 12.76, 165, 142
2017-10-11 00:00:10, 508, 511, 474, 401, 13.02, 12.66, 180, 104
2017-10-11 12:00:10, 508, 506, 455, 376, 13.02, 13.11, 146, 200
2017-10-12 00:00:10, 506, 509, 484, 373, 13.02, 12.63, 198, 102
2017-10-12 12:00:10, 508, 507, 320, 394, 13.09, 13.16, 150, 44
2017-10-13 00:00:10, 511, 513, 342, 368, 13.02, 12.60, 139, 200
2017-10-13 12:00:10, 503, 504, 324, 356, 12.89, 12.79, 113, 200
2017-10-14 00:00:10, 500, 506, 375, 388, 12.96, 12.50, 129, 44
2017-10-14 12:00:10, 498, 501, 461, 383, 12.96, 12.52, 133, 174
2017-10-15 00:00:10, 500, 508, 439, 393, 12.96, 12.58, 195, 127
2017-10-15 12:00:10, 500, 502, 496, 438, 13.02, 12.52, 154, 71
2017-10-16 00:00:10, 503, 506, 544, 421, 12.96, 12.42, 164, 191
2017-10-16 12:00:10, 506, 502, 378, 426, 13.02, 12.55, 236, 84
2017-10-17 00:00:10, 500, 506, 488, 437, 12.82, 12.50, 125, 200
2017-10-17 12:00:10, 503, 503, 452, 458, 12.76, 12.52, 121, 200
2017-10-18 00:00:10, 503, 508, 481, 459, 12.76, 12.66, 123, 200
2017-10-18 12:00:10, 500, 505, 484, 491, 12.49, 12.68, 83, 200
2017-10-19 00:00:10, 503, 532, 477, 445, 12.63, 12.68, 119, 200
2017-10-19 12:00:10, 503, 500, 388, 468, 12.82, 12.92, 96, 200
2017-10-20 00:00:10, 500, 507, 496, 494, 12.63, 12.71, 104, 200
2017-10-20 12:00:10, 498, 502, 617, 526, 12.69, 12.84, 58, 200
2017-10-21 00:00:10, 503, 507, 503, 517, 12.69, 12.68, 86, 200
2017-10-21 12:00:10, 503, 502, 614, 514, 12.49, 13.16, 58, 200
2017-10-22 00:00:10, 503, 504, 656, 529, 12.56, 12.68, 56, 200
2017-10-22 12:00:10, 514, 503, 483, 551, 12.36, 12.89, 78, 200
2017-10-23 00:00:10, 500, 503, 658, 554, 12.69, 12.52, 53, 200
2017-10-23 12:00:10, 498, 498, 571, 590, 12.43, 12.81, 65, 200
2017-10-24 00:00:10, 498, 504, 612, 598, 12.43, 12.66, 56, 200
2017-10-24 12:00:10, 503, 500, 562, 591, 12.49, 13.32, 64, 200
2017-10-25 00:00:10, 511, 511, 554, 561, 12.89, 12.55, 81, 165
2017-10-25 12:00:10, 511, 512, 388, 505, 13.02, 12.71, 118, 78
2017-10-26 00:00:10, 511, 513, 330, 433, 12.89, 12.63, 127, 171
2017-10-26 12:00:10, 514, 512, 305, 414, 13.02, 12.68, 110, 60
2017-10-27 00:00:10, 514, 517, 619, 400, 13.02, 12.58, 370, 79
2017-10-27 12:00:10, 519, 515, 55, 380, 13.02, 12.58, 258, 127
2017-10-28 00:00:10, 522, 524, 578, 385, 13.02, 12.66, 197, 119
2017-10-28 12:00:10, 516, 519, 70, 478, 13.02, 12.73, 332, 87
2017-10-29 00:00:10, 522, 524, 533, 574, 12.96, 12.66, 411, 165
2017-10-29 12:00:10, 516, 518, 579, 593, 12.76, 12.71, 251, 200
2017-10-30 00:00:10, 519, 521, 586, 594, 12.49, 12.68, 96, 200
2017-10-30 12:00:10, 516, 521, 633, 619, 12.69, 13.32, 74, 200
2017-10-31 00:00:10, 522, 523, 556, 632, 12.69, 12.63, 104, 200
2017-10-31 12:00:10, 524, 522, 603, 626, 12.56, 12.73, 71, 200
2017-11-1 00:00:10, 522, 524, 549, 624, 12.36, 12.55, 73, 200
2017-11-1 12:00:10, 527, 526, 605, 615, 12.36, 12.97, 74, 200
2017-11-2 00:00:10, 529, 527, 618, 608, 12.36, 12.68, 116, 200
2017-11-2 12:00:10, 519, 525, 545, 591, 12.63, 12.76, 88, 200
2017-11-3 00:00:10, 519, 524, 566, 564, 13.02, 12.60, 284, 148
2017-11-3 12:00:10, 519, 533, 369, 448, 12.49, 12.63, 91, 200
2017-11-4 00:00:10, 524, 524, 488, 498, 12.76, 12.58, 95, 200
2017-11-4 12:00:10, 514, 521, 489, 526, 12.69, 13.13, 94, 200
2017-11-5 00:00:10, 522, 518, 531, 540, 12.63, 12.63, 91, 200
2017-11-5 12:00:10, 519, 518, 496, 536, 12.63, 13.05, 111, 200
2017-11-6 00:00:10, 516, 516, 613, 533, 12.30, 12.68, 48, 200
2017-11-6 12:00:10, 508, 513, 639, 592, 12.23, 13.13, 34, 200
2017-11-7 00:00:10, 511, 510, 567, 597, 12.30, 12.71, 47, 200
2017-11-7 12:00:10, 500, 511, 549, 581, 12.36, 13.19, 63, 200
2017-11-8 00:00:10, 508, 508, 557, 573, 12.23, 12.68, 54, 200
2017-11-8 12:00:10, 516, 509, 584, 567, 12.43, 13.19, 52, 200
2017-11-9 00:00:10, 522, 517, 542, 540, 12.56, 12.60, 81, 200
2017-11-9 12:00:10, 522, 520, 509, 522, 12.89, 13.03, 82, 200
2017-11-10 00:00:10, 511, 516, 517, 523, 12.82, 12.60, 234, 200
2017-11-10 12:00:10, 500, 511, 543, 535, 12.43, 12.76, 95, 200
2017-11-11 00:00:10, 500, 501, 648, 548, 12.23, 12.68, 43, 200
2017-11-11 12:00:10, 508, 505, 571, 538, 12.49, 12.76, 72, 200
2017-11-12 00:00:10, 503, 509, 621, 543, 12.43, 12.66, 72, 200
2017-11-12 12:00:10, 506, 501, 528, 559, 12.89, 12.73, 108, 200
2017-11-13 00:00:10, 500, 507, 482, 525, 12.36, 12.68, 53, 200
2017-11-13 12:00:10, 500, 502, 467, 500, 12.63, 12.84, 139, 200
2017-11-14 00:00:10, 495, 506, 453, 520, 12.82, 12.66, 129, 167
2017-11-14 12:00:10, 503, 499, 475, 545, 12.69, 12.79, 109, 200
2017-11-15 00:00:10, 495, 507, 515, 516, 12.49, 12.66, 81, 200
2017-11-15 12:00:10, 498, 494, 521, 529, 12.56, 12.87, 127, 200
2017-11-16 00:00:10, 498, 504, 436, 518, 12.82, 12.66, 182, 200
2017-11-16 12:00:10, 500, 499, 456, 513, 12.76, 12.71, 167, 186
2017-11-17 00:00:10, 498, 509, 518, 515, 12.76, 12.58, 261, 131
2017-11-17 12:00:10, 519, 507, 552, 537, 12.63, 12.79, 77, 144
2017-11-18 00:00:10, 498, 509, 621, 519, 12.56, 12.66, 63, 200
2017-11-18 12:00:10, 503, 499, 474, 545, 12.63, 12.84, 138, 200
2017-11-19 00:00:10, 490, 507, 454, 519, 12.63, 12.68, 94, 200
2017-11-19 12:00:10, 500, 494, 523, 556, 12.89, 12.84, 100, 200
2017-11-20 00:00:10, 495, 505, 568, 537, 12.82, 12.66, 97, 200
2017-11-20 12:00:10, 511, 503, 568, 563, 12.82, 12.87, 108, 200
2017-11-21 00:00:10, 495, 516, 540, 524, 12.96, 12.66, 102, 162
2017-11-21 12:00:10, 508, 495, 617, 575, 12.69, 12.92, 89, 200
2017-11-22 00:00:10, 498, 515, 532, 539, 12.89, 12.66, 139, 200
2017-11-22 12:00:10, 508, 500, 553, 569, 12.76, 12.97, 97, 200
2017-11-23 00:00:10, 500, 511, 605, 545, 12.82, 12.68, 119, 200
2017-11-23 12:00:10, 503, 497, 582, 577, 12.69, 13.13, 181, 200
2017-11-24 00:00:10, 495, 508, 621, 565, 12.49, 12.66, 78, 200
2017-11-24 12:00:10, 495, 495, 566, 581, 12.69, 13.37, 99, 200
2017-11-25 00:00:10, 495, 498, 588, 577, 12.76, 12.63, 98, 200
2017-11-25 12:00:10, 493, 492, 564, 580, 12.56, 13.08, 82, 200
2017-11-26 00:00:10, 498, 505, 531, 573, 12.63, 12.63, 100, 200
2017-11-26 12:00:10, 500, 495, 582, 581, 12.76, 13.03, 131, 200
2017-11-27 00:00:10, 495, 500, 626, 573, 12.82, 12.66, 155, 200
2017-11-27 12:00:10, 493, 492, 557, 561, 12.69, 13.32, 90, 200
2017-11-28 00:00:10, 493, 496, 576, 552, 12.82, 12.60, 150, 200
2017-11-28 12:00:10, 495, 493, 507, 550, 12.96, 12.92, 199, 200
2017-11-29 00:00:10, 495, 497, 571, 551, 12.63, 12.66, 244, 200
2017-11-29 12:00:10, 495, 494, 584, 567, 13.02, 13.00, 178, 200
2017-11-30 00:00:10, 498, 499, 43, 313, 13.02, 12.60, 84, 66
2017-11-30 12:00:10, 503, 499, 46, 51, 13.09, 12.81, 91, 36
2017-12-1 00:00:10, 495, 499, 37, 53, 13.02, 12.63, 132, 78
2017-12-1 12:00:10, 493, 494, 71, 53, 13.09, 12.81, 111, 60
2017-12-2 00:00:10, 493, 498, 39, 53, 13.02, 12.63, 273, 102
2017-12-2 12:00:10, 487, 491, 63, 51, 13.09, 12.79, 127, 47
2017-12-3 00:00:10, 490, 498, 42, 52, 13.02, 12.63, 76, 41
2017-12-3 12:00:10, 495, 491, 68, 57, 13.02, 12.79, 151, 136
2017-12-4 00:00:10, 493, 498, 50, 53, 13.02, 12.63, 83, 68
2017-12-4 12:00:10, 493, 492, 39, 47, 13.09, 12.84, 66, 37
2017-12-5 00:00:10, 493, 496, 57, 46, 13.02, 12.63, 130, 74
2017-12-5 12:00:10, 490, 491, 39, 45, 13.09, 12.84, 123, 69
2017-12-6 00:00:10, 485, 493, 46, 44, 13.02, 12.63, 105, 38
2017-12-6 12:00:10, 487, 485, 53, 43, 13.09, 12.92, 317, 37
2017-12-7 00:00:10, 490, 497, 39, 44, 13.02, 12.66, 61, 35
2017-12-7 12:00:10, 487, 487, 42, 44, 13.09, 12.81, 102, 39
2017-12-8 00:00:10, 490, 493, 37, 43, 12.96, 12.66, 194, 52
2017-12-8 12:00:10, 490, 490, 46, 44, 13.02, 12.76, 89, 35
2017-12-9 00:00:10, 487, 494, 49, 45, 13.02, 12.66, 428, 68
2017-12-9 12:00:10, 485, 489, 42, 45, 13.09, 13.16, 193, 81
2017-12-10 00:00:10, 490, 491, 48, 55, 13.02, 12.63, 338, 134
2017-12-10 12:00:10, 487, 488, 52, 45, 13.09, 13.11, 174, 87
2017-12-11 00:00:10, 493, 493, 50, 51, 13.02, 12.63, 154, 130
2017-12-11 12:00:10, 487, 489, 43, 46, 13.02, 12.76, 428, 60
2017-12-12 00:00:10, 490, 494, 49, 47, 13.02, 12.66, 132, 65
2017-12-12 12:00:10, 487, 488, 590, 72, 13.02, 12.76, 670, 162
2017-12-13 00:00:10, 485, 492, 55, 115, 13.02, 12.66, 504, 125
2017-12-13 12:00:10, 487, 485, 60, 72, 13.02, 12.73, 187, 70
2017-12-14 00:00:10, 490, 493, 51, 122, 13.02, 12.66, 221, 80
2017-12-14 12:00:10, 487, 488, 45, 131, 12.96, 12.73, 164, 52
2017-12-15 00:00:10, 493, 495, 60, 134, 12.96, 12.66, 314, 82
2017-12-15 12:00:10, 487, 489, 52, 58, 13.02, 12.76, 247, 95
2017-12-16 00:00:10, 493, 495, 77, 56, 12.96, 12.66, 117, 106
2017-12-16 12:00:10, 490, 491, 46, 57, 12.96, 12.79, 217, 96
2017-12-17 00:00:10, 490, 498, 55, 58, 12.96, 12.63, 252, 97
2017-12-17 12:00:10, 487, 489, 54, 54, 13.02, 12.76, 302, 93
2017-12-18 00:00:10, 487, 500, 557, 427, 12.96, 12.66, 469, 114
2017-12-18 12:00:10, 482, 485, 634, 297, 12.96, 12.79, 290, 108
2017-12-19 00:00:10, 487, 494, 48, 174, 12.96, 12.63, 410, 101
2017-12-19 12:00:10, 490, 485, 50, 58, 13.02, 13.13, 457, 105
2017-12-20 00:00:10, 479, 497, 41, 184, 12.96, 12.63, 275, 79
2017-12-20 12:00:10, 503, 485, 65, 196, 13.02, 12.60, 136, 34
2017-12-21 00:00:10, 485, 494, 83, 89, 12.96, 12.39, 332, 43
2017-12-21 12:00:10, 495, 484, 272, 78, 13.02, 12.76, 362, 133
2017-12-22 00:00:10, 487, 492, 42, 83, 13.02, 12.66, 347, 97
2017-12-22 12:00:10, 482, 484, 40, 64, 13.02, 12.81, 355, 80
2017-12-23 00:00:10, 482, 491, 35, 59, 12.96, 12.66, 292, 60
2017-12-23 12:00:10, 485, 482, 587, 85, 13.02, 12.76, 553, 80
2017-12-24 00:00:10, 482, 491, 237, 519, 12.96, 12.66, 336, 129
2017-12-24 12:00:10, 477, 477, 549, 521, 13.02, 12.71, 249, 154
2017-12-25 00:00:10, 485, 483, 505, 535, 12.96, 12.63, 230, 131
2017-12-25 12:00:10, 482, 483, 447, 491, 13.02, 12.76, 242, 98
2017-12-26 00:00:10, 482, 486, 532, 506, 12.96, 12.63, 171, 172
2017-12-26 12:00:10, 482, 482, 517, 501, 12.96, 12.79, 164, 200
2017-12-27 00:00:10, 485, 487, 526, 475, 12.96, 12.63, 311, 150
2017-12-27 12:00:10, 479, 482, 543, 502, 13.02, 13.08, 270, 48
2017-12-28 00:00:10, 482, 484, 478, 497, 12.96, 12.60, 183, 178
2017-12-28 12:00:10, 479, 480, 481, 501, 12.96, 12.79, 231, 124
2017-12-29 00:00:10, 479, 481, 498, 482, 12.96, 12.66, 237, 85
2017-12-29 12:00:10, 479, 479, 448, 463, 13.02, 12.87, 215, 124
2017-12-30 00:00:10, 490, 490, 546, 502, 12.89, 12.66, 108, 200
2017-12-30 12:00:10, 490, 490, 551, 552, 12.82, 12.84, 85, 200
2017-12-31 00:00:10, 490, 496, 583, 544, 12.96, 12.66, 190, 71
2017-12-31 12:00:10, 487, 489, 582, 551, 12.63, 12.87, 76, 200
2018-1-1 00:00:10, 490, 493, 544, 548, 12.96, 12.63, 144, 172
2018-1-1 12:00:10, 485, 488, 511, 530, 12.96, 12.89, 128, 198
2018-1-2 00:00:10, 493, 490, 587, 556, 12.96, 12.44, 272, 85
2018-1-2 12:00:10, 490, 490, 565, 532, 13.09, 12.76, 193, 183
2018-1-3 00:00:10, 493, 490, 470, 529, 13.02, 12.39, 201, 81
2018-1-3 12:00:10, 498, 492, 451, 515, 13.02, 12.39, 204, 136
2018-1-4 00:00:10, 493, 493, 464, 515, 12.96, 12.28, 176, 200
2018-1-4 12:00:10, 482, 490, 500, 499, 13.02, 12.52, 224, 111
2018-1-5 00:00:10, 482, 486, 544, 523, 13.02, 12.52, 245, 77
2018-1-5 12:00:10, 479, 484, 57, 288, 13.02, 12.73, 258, 161
2018-1-6 00:00:10, 485, 488, 538, 369, 13.02, 12.60, 214, 152
2018-1-6 12:00:10, 482, 483, 433, 466, 13.02, 12.84, 160, 132
2018-1-7 00:00:10, 487, 487, 109, 267, 12.96, 12.63, 166, 148
2018-1-7 12:00:10, 482, 481, 527, 518, 13.09, 12.84, 240, 115
2018-1-8 00:00:10, 479, 484, 488, 442, 13.02, 12.63, 147, 118
2018-1-8 12:00:10, 477, 483, 550, 499, 13.02, 12.84, 161, 174
2018-1-9 00:00:10, 479, 483, 566, 533, 13.02, 12.63, 340, 75
2018-1-9 12:00:10, 479, 482, 466, 549, 13.02, 12.81, 244, 103
2018-1-10 00:00:10, 482, 483, 550, 510, 13.02, 12.63, 201, 132
2018-1-10 12:00:10, 477, 480, 453, 484, 13.02, 12.81, 275, 77
2018-1-11 00:00:10, 482, 483, 461, 462, 13.02, 12.63, 251, 100
2018-1-11 12:00:10, 482, 480, 530, 513, 13.02, 12.92, 153, 200
2018-1-12 00:00:10, 485, 484, 46, 507, 12.96, 12.60, 217, 74
2018-1-12 12:00:10, 485, 485, 93, 267, 13.02, 12.60, 361, 84
2018-1-13 00:00:10, 485, 486, 553, 465, 12.96, 12.60, 233, 75
2018-1-13 12:00:10, 487, 484, 495, 283, 13.02, 12.87, 258, 139
2018-1-14 00:00:10, 479, 485, 469, 470, 12.96, 12.60, 171, 66
2018-1-14 12:00:10, 477, 481, 432, 488, 12.96, 12.73, 169, 189
2018-1-15 00:00:10, 482, 483, 41, 445, 13.02, 12.63, 321, 56
2018-1-15 12:00:10, 479, 481, 528, 466, 12.76, 12.79, 121, 200
2018-1-16 00:00:10, 482, 485, 533, 519, 12.96, 12.66, 171, 169
2018-1-16 12:00:10, 479, 482, 496, 488, 12.89, 12.79, 142, 200
2018-1-17 00:00:10, 487, 485, 582, 522, 12.89, 12.66, 70, 200
2018-1-17 12:00:10, 485, 484, 515, 480, 12.89, 12.76, 125, 147
2018-1-18 00:00:10, 485, 488, 34, 479, 12.96, 12.66, 243, 143
2018-1-18 12:00:10, 485, 486, 417, 469, 12.96, 12.79, 221, 179
2018-1-19 00:00:10, 485, 488, 476, 447, 12.96, 12.63, 208, 200
2018-1-19 12:00:10, 487, 485, 467, 480, 12.89, 13.03, 128, 200
2018-1-20 00:00:10, 485, 489, 446, 367, 12.96, 12.63, 199, 44
2018-1-20 12:00:10, 482, 485, 43, 371, 13.02, 12.68, 149, 200
2018-1-21 00:00:10, 490, 489, 108, 363, 12.96, 12.66, 193, 123
2018-1-21 12:00:10, 477, 484, 204, 247, 13.02, 12.66, 163, 200
2018-1-22 00:00:10, 485, 487, 423, 409, 13.02, 12.63, 258, 108
2018-1-22 12:00:10, 485, 483, 282, 361, 13.02, 12.66, 252, 127
2018-1-23 00:00:10, 490, 487, 282, 282, 12.96, 12.66, 176, 166
2018-1-23 12:00:10, 485, 488, 386, 341, 12.96, 12.66, 230, 161
2018-1-24 00:00:10, 495, 492, 461, 360, 13.02, 12.66, 167, 126
2018-1-24 12:00:10, 487, 489, 504, 471, 13.02, 12.60, 248, 125
2018-1-25 00:00:10, 493, 492, 505, 467, 12.96, 12.66, 113, 187
2018-1-25 12:00:10, 490, 489, 438, 458, 13.02, 12.60, 157, 102
2018-1-26 00:00:10, 490, 493, 512, 478, 13.02, 12.63, 141, 200
2018-1-26 12:00:10, 490, 489, 517, 404, 13.02, 12.60, 299, 39
2018-1-27 00:00:10, 482, 490, 507, 428, 12.96, 12.63, 432, 161
2018-1-27 12:00:10, 479, 484, 86, 199, 13.02, 12.58, 301, 66
2018-1-28 00:00:10, 451, 471, 338, 219, 13.02, 12.63, 205, 92
2018-1-28 12:00:10, 448, 452, 230, 315, 13.02, 12.58, 163, 50
2018-1-29 00:00:10, 485, 475, 195, 231, 13.02, 12.63, 221, 32
2018-1-29 12:00:10, 487, 486, 116, 159, 13.02, 12.60, 143, 65
2018-1-30 00:00:10, 474, 480, 119, 146, 13.02, 12.63, 226, 46
2018-1-30 12:00:10, 477, 476, 169, 134, 13.02, 12.60, 180, 99
2018-1-31 00:00:10, 474, 476, 449, 172, 13.02, 12.63, 155, 140
2018-1-31 12:00:10, 482, 478, 129, 360, 13.09, 13.08, 442, 40
2018-2-1 00:00:10, 479, 480, 111, 213, 12.96, 12.50, 265, 109
2018-2-1 12:00:10, 482, 481, 469, 189, 13.09, 12.92, 209, 100
2018-2-2 00:00:10, 477, 481, 52, 399, 13.02, 12.63, 200, 110
2018-2-2 12:00:10, 485, 480, 503, 256, 13.09, 13.13, 172, 78
2018-2-3 00:00:10, 482, 484, 503, 424, 13.02, 12.42, 98, 83
2018-2-3 12:00:10, 485, 481, 506, 469, 13.02, 12.73, 213, 129
2018-2-4 00:00:10, 485, 487, 107, 430, 13.02, 12.66, 186, 200
2018-2-4 12:00:10, 487, 484, 464, 452, 13.09, 12.92, 186, 20
2018-2-5 00:00:10, 485, 490, 506, 374, 13.02, 12.63, 196, 91
2018-2-5 12:00:10, 487, 485, 516, 356, 12.96, 12.92, 164, 134
2018-2-6 00:00:10, 482, 484, 449, 439, 12.96, 12.63, 131, 200
2018-2-6 12:00:10, 477, 480, 430, 372, 13.02, 12.71, 324, 90
2018-2-7 00:00:10, 479, 483, 125, 390, 13.02, 12.63, 216, 82
2018-2-7 12:00:10, 482, 480, 427, 385, 13.02, 12.63, 168, 136
2018-2-8 00:00:10, 493, 489, 532, 426, 13.02, 12.66, 163, 140
2018-2-8 12:00:10, 493, 490, 475, 408, 12.89, 12.71, 99, 200
2018-2-9 00:00:10, 474, 485, 132, 413, 13.02, 12.60, 227, 30
2018-2-9 12:00:10, 474, 473, 427, 371, 13.02, 12.58, 202, 95
2018-2-10 00:00:10, 490, 486, 122, 258, 13.02, 12.60, 137, 154
2018-2-10 12:00:10, 490, 490, 116, 189, 12.89, 12.92, 207, 192
2018-2-11 00:00:10, 487, 494, 126, 174, 13.02, 12.58, 125, 118
2018-2-11 12:00:10, 482, 484, 104, 130, 13.02, 12.55, 163, 48
2018-2-12 00:00:10, 485, 485, 126, 173, 12.96, 12.60, 143, 122
2018-2-12 12:00:10, 487, 486, 112, 225, 13.02, 12.58, 123, 83
2018-2-13 00:00:10, 485, 489, 205, 207, 12.96, 12.63, 198, 200
2018-2-13 12:00:10, 490, 486, 126, 283, 13.02, 12.55, 120, 104
2018-2-14 00:00:10, 485, 489, 538, 273, 13.02, 12.63, 146, 153
2018-2-14 12:00:10, 482, 486, 407, 276, 13.02, 12.63, 158, 156
2018-2-15 00:00:10, 485, 488, 505, 258, 13.02, 12.60, 243, 200
2018-2-15 12:00:10, 487, 483, 466, 354, 13.09, 13.03, 197, 194
2018-2-16 00:00:10, 485, 488, 92, 229, 13.02, 12.58, 180, 200
2018-2-16 12:00:10, 482, 484, 92, 379, 13.02, 12.58, 157, 12
2018-2-17 00:00:10, 485, 487, 501, 414, 13.02, 12.60, 304, 78
2018-2-17 12:00:10, 485, 484, 123, 425, 13.02, 12.55, 142, 11
2018-2-18 00:00:10, 487, 489, 497, 440, 13.02, 12.60, 191, 125
2018-2-18 12:00:10, 485, 486, 528, 467, 13.02, 12.60, 155, 192
2018-2-19 00:00:10, 485, 488, 481, 486, 12.96, 12.63, 136, 133
2018-2-19 12:00:10, 490, 485, 92, 470, 13.02, 12.58, 290, 111
2018-2-20 00:00:10, 485, 491, 511, 474, 12.89, 12.60, 158, 154
2018-2-20 12:00:10, 485, 484, 487, 490, 13.02, 12.63, 180, 192
2018-2-21 00:00:10, 482, 487, 470, 455, 12.89, 12.63, 135, 200
2018-2-21 12:00:10, 479, 481, 459, 458, 12.76, 12.60, 110, 89
2018-2-22 00:00:10, 487, 489, 474, 412, 12.76, 12.60, 194, 200
2018-2-22 12:00:10, 487, 485, 290, 368, 12.96, 12.58, 156, 200
2018-2-23 00:00:10, 487, 489, 356, 310, 13.02, 12.60, 211, 109
2018-2-23 12:00:10, 482, 484, 481, 423, 13.02, 12.66, 182, 167
2018-2-24 00:00:10, 474, 479, 406, 367, 12.96, 12.52, 133, 105
2018-2-24 12:00:10, 498, 479, 494, 289, 13.02, 13.03, 142, 200
2018-2-25 00:00:10, 485, 494, 126, 285, 13.02, 12.58, 133, 45
2018-2-25 12:00:10, 482, 482, 123, 122, 13.02, 12.50, 115, 27
2018-2-26 00:00:10, 485, 485, 124, 119, 13.02, 12.60, 200, 64
2018-2-26 12:00:10, 493, 482, 112, 122, 13.02, 12.76, 126, 36
2018-2-27 00:00:10, 487, 491, 105, 123, 13.02, 12.58, 154, 88
2018-2-27 12:00:10, 490, 486, 114, 126, 13.09, 12.92, 220, 105
2018-2-28 00:00:10, 493, 491, 184, 124, 13.02, 12.58, 156, 43
2018-2-28 12:00:10, 495, 492, 177, 123, 13.02, 12.47, 86, 23
2018-3-1 00:00:10, 490, 494, 162, 135, 13.02, 12.63, 204, 50
2018-3-1 12:00:10, 495, 493, 222, 145, 13.02, 12.52, 218, 79
2018-3-2 00:00:10, 487, 496, 111, 167, 13.02, 12.60, 266, 86
2018-3-2 12:00:10, 485, 488, 187, 104, 13.09, 12.73, 179, 69
2018-3-3 00:00:10, 487, 488, 131, 128, 13.02, 12.58, 269, 23
2018-3-3 12:00:10, 482, 487, 106, 158, 13.09, 12.87, 155, 69
2018-3-4 00:00:10, 474, 480, 96, 179, 13.02, 12.58, 276, 124
2018-3-4 12:00:10, 477, 475, 105, 150, 13.15, 13.08, 132, 60
2018-3-5 00:00:10, 474, 476, 329, 139, 13.02, 12.39, 225, 114
2018-3-5 12:00:10, 474, 475, 85, 129, 13.09, 12.55, 192, 8
2018-3-6 00:00:10, 477, 477, 204, 143, 13.02, 12.60, 199, 41
2018-3-6 12:00:10, 477, 477, 97, 116, 13.15, 12.92, 181, 113
2018-3-7 00:00:10, 474, 478, 81, 107, 13.09, 12.55, 155, 118
2018-3-7 12:00:10, 482, 476, 98, 103, 13.15, 12.84, 160, 60
2018-3-8 00:00:10, 474, 480, 132, 110, 13.02, 12.58, 146, 13
2018-3-8 12:00:10, 474, 476, 188, 120, 13.09, 12.55, 203, 58
2018-3-9 00:00:10, 472, 477, 173, 96, 13.09, 12.52, 224, 17
2018-3-9 12:00:10, 485, 475, 69, 114, 13.15, 12.66, 277, 12
2018-3-10 00:00:10, 477, 480, 70, 87, 13.02, 12.55, 187, 165
2018-3-10 12:00:10, 477, 477, 73, 106, 13.15, 12.81, 142, 22
2018-3-11 00:00:10, 482, 481, 146, 98, 13.09, 12.58, 208, 54
2018-3-11 12:00:10, 479, 479, 91, 97, 13.09, 12.73, 182, 4
2018-3-12 00:00:10, 479, 481, 131, 108, 13.02, 12.39, 211, 106
2018-3-12 12:00:10, 474, 479, 188, 121, 13.09, 12.68, 148, 16
2018-3-13 00:00:10, 479, 480, 87, 111, 13.02, 12.50, 135, 39
2018-3-13 12:00:10, 482, 482, 75, 95, 13.02, 12.50, 162, 22
2018-3-14 00:00:10, 482, 483, 79, 97, 13.02, 12.60, 275, 33
2018-3-14 12:00:10, 479, 482, 105, 93, 13.09, 12.55, 185, 61
2018-3-15 00:00:20, 485, 487, 85, 108, 13.02, 12.36, 236, 16
2018-3-15 12:00:20, 485, 488, 80, 109, 13.02, 12.39, 106, 114
2018-3-16 00:00:20, 487, 487, 125, 93, 13.02, 12.60, 173, 55
2018-3-16 12:00:20, 493, 487, 77, 100, 13.09, 12.97, 218, 28
2018-3-17 00:00:20, 482, 489, 71, 98, 13.02, 12.47, 176, 143
2018-3-17 12:00:20, 485, 485, 70, 92, 13.09, 12.87, 120, 93
2018-3-18 00:00:20, 479, 486, 105, 100, 13.02, 12.55, 150, 50
2018-3-18 12:00:20, 485, 482, 97, 86, 13.09, 12.87, 181, 17
2018-3-19 00:00:20, 482, 482, 113, 92, 13.02, 12.52, 121, 12
2018-3-19 12:00:20, 477, 480, 103, 91, 13.02, 12.44, 278, 0
2018-3-20 00:00:20, 477, 480, 141, 101, 13.02, 12.60, 231, 66
2018-3-20 12:00:20, 482, 479, 122, 91, 13.02, 12.55, 201, 3
2018-3-21 00:00:20, 479, 481, 65, 95, 13.02, 12.60, 187, 63
2018-3-21 12:00:20, 482, 479, 71, 94, 13.02, 12.52, 156, 117
2018-3-22 00:00:20, 482, 482, 77, 92, 13.02, 12.60, 189, 22
2018-3-22 12:00:20, 477, 478, 32, 91, 13.02, 12.52, 160, 85
2018-3-23 00:00:20, 487, 487, 72, 108, 13.02, 12.60, 200, 74
2018-3-23 12:00:20, 482, 488, 88, 94, 13.09, 12.95, 155, 38
2018-3-24 00:00:20, 490, 486, 98, 89, 13.02, 12.58, 313, 29
2018-3-24 12:00:20, 490, 489, 111, 85, 13.02, 12.60, 134, 62
2018-3-25 00:00:20, 485, 486, 94, 95, 13.02, 12.55, 128, 15
2018-3-25 12:00:20, 487, 484, 70, 90, 13.02, 12.55, 333, 75
2018-3-26 00:00:20, 487, 484, 64, 101, 13.02, 12.60, 105, 63
2018-3-26 12:00:20, 485, 485, 149, 103, 13.09, 12.84, 162, 11
2018-3-27 00:00:20, 487, 486, 137, 93, 13.02, 12.58, 118, 32
2018-3-27 12:00:20, 490, 487, 76, 91, 13.09, 13.03, 163, 34
2018-3-28 00:00:20, 490, 488, 119, 106, 12.96, 12.36, 106, 11
2018-3-28 12:00:20, 503, 493, 90, 102, 13.15, 13.08, 162, 5
2018-3-29 00:00:20, 493, 494, 113, 98, 13.02, 12.58, 228, 14
2018-3-29 12:00:20, 490, 490, 72, 98, 13.02, 12.55, 156, 45
2018-3-30 00:00:20, 490, 489, 77, 110, 13.02, 12.60, 232, 50
2018-3-30 12:00:20, 495, 488, 82, 95, 13.15, 13.11, 271, 14
2018-3-31 00:00:20, 498, 495, 124, 94, 13.02, 12.55, 200, 0
2018-3-31 12:00:20, 498, 498, 98, 91, 13.09, 12.63, 204, 11
2018-4-1 00:00:20, 495, 496, 146, 97, 13.02, 12.58, 91, 6
2018-4-1 12:00:20, 498, 494, 73, 108, 13.09, 12.58, 145, 53
2018-4-2 00:00:20, 487, 495, 112, 120, 13.02, 12.58, 176, 19
2018-4-2 12:00:20, 495, 491, 117, 109, 13.09, 12.63, 269, 87
2018-4-3 00:00:20, 485, 500, 96, 148, 13.09, 12.58, 234, 0
2018-4-3 12:00:20, 490, 484, 70, 136, 13.09, 12.55, 249, 107
2018-4-4 00:00:20, 487, 496, 100, 96, 13.02, 12.60, 302, 6
2018-4-4 12:00:20, 487, 488, 112, 97, 13.22, 13.08, 380, 132
2018-4-5 00:00:20, 487, 491, 119, 100, 13.02, 12.55, 218, 32
2018-4-5 12:00:20, 487, 489, 69, 102, 13.09, 12.58, 126, 25
2018-4-6 00:00:20, 482, 484, 98, 150, 13.02, 12.58, 265, 22
2018-4-6 12:00:20, 487, 488, 103, 87, 13.22, 13.19, 192, 52
2018-4-7 00:00:20, 490, 486, 56, 113, 13.02, 12.42, 177, 55
2018-4-7 12:00:20, 490, 491, 90, 99, 13.15, 13.08, 268, 110
2018-4-8 00:00:20, 485, 493, 124, 125, 13.02, 12.50, 172, 1
2018-4-8 12:00:20, 485, 485, 56, 105, 13.09, 12.81, 226, 58
2018-4-9 00:00:20, 490, 490, 75, 96, 13.02, 12.50, 129, 22
2018-4-9 12:00:20, 490, 489, 69, 94, 13.09, 12.89, 187, 50
2018-4-10 00:00:20, 493, 490, 83, 139, 13.02, 12.58, 209, 52
2018-4-10 12:00:20, 490, 491, 110, 112, 13.09, 12.87, 265, 78
2018-4-11 00:00:20, 487, 497, 61, 149, 13.02, 12.58, 244, 28
2018-4-11 12:00:20, 493, 490, 126, 90, 13.09, 12.97, 254, 31
2018-4-12 00:00:20, 485, 501, 92, 99, 13.02, 12.55, 214, 82
2018-4-12 12:00:20, 493, 491, 117, 100, 13.15, 13.13, 239, 92
2018-4-13 00:00:20, 485, 487, 126, 177, 13.02, 12.52, 166, 53
2018-4-13 12:00:20, 487, 490, 80, 98, 13.09, 12.73, 211, 89
2018-4-14 00:00:20, 490, 491, 66, 118, 13.02, 12.47, 207, 21
2018-4-14 12:00:20, 487, 488, 117, 100, 13.09, 12.71, 217, 43
2018-4-15 00:00:20, 490, 490, 178, 113, 13.02, 12.58, 130, 36
2018-4-15 12:00:20, 485, 489, 102, 114, 13.15, 13.08, 305, 15
2018-4-16 00:00:20, 490, 486, 80, 116, 13.02, 12.58, 130, 14
2018-4-16 12:00:20, 487, 489, 87, 84, 13.02, 12.55, 168, 17
2018-4-17 00:00:20, 490, 484, 60, 112, 13.02, 12.55, 153, 48
2018-4-17 12:00:20, 485, 485, 84, 82, 13.02, 12.55, 239, 104
2018-4-18 00:00:20, 490, 483, 71, 94, 13.02, 12.55, 245, 131
2018-4-18 12:00:20, 479, 488, 133, 88, 13.15, 13.16, 348, 24
2018-4-19 00:00:20, 485, 489, 80, 97, 13.02, 12.50, 313, 51
2018-4-19 12:00:20, 490, 487, 144, 88, 13.22, 13.37, 88, 59
2018-4-20 00:00:20, 493, 493, 92, 85, 13.02, 12.52, 223, 25
2018-4-20 12:00:20, 490, 491, 108, 97, 13.15, 13.05, 238, 85
2018-4-21 00:00:20, 490, 487, 56, 91, 13.09, 12.58, 174, 3
2018-4-21 12:00:20, 487, 491, 91, 84, 13.15, 13.24, 200, 112
2018-4-22 00:00:20, 485, 487, 123, 82, 13.02, 12.47, 187, 69
2018-4-22 12:00:20, 490, 486, 96, 80, 13.15, 13.05, 155, 25
2018-4-23 00:00:20, 490, 487, 44, 93, 13.09, 12.52, 300, 32
2018-4-23 12:00:20, 487, 487, 126, 77, 13.09, 12.66, 330, 10
2018-4-24 00:00:20, 487, 492, 66, 95, 13.02, 12.58, 154, 11
2018-4-24 12:00:20, 479, 486, 66, 80, 13.02, 12.52, 182, 96
2018-4-25 00:00:20, 490, 486, 115, 83, 13.02, 12.58, 356, 119
2018-4-25 12:00:20, 485, 487, 83, 83, 13.09, 12.68, 123, 58
2018-4-26 00:00:20, 485, 487, 82, 99, 13.02, 12.58, 210, 76
2018-4-26 12:00:20, 490, 486, 52, 80, 13.09, 12.60, 118, 14
2018-4-27 00:00:20, 490, 488, 126, 91, 13.02, 12.50, 134, 51
2018-4-27 12:00:20, 487, 487, 76, 87, 13.09, 12.87, 213, 5
2018-4-28 00:00:20, 487, 486, 71, 82, 13.02, 12.58, 317, 26
2018-4-28 12:00:20, 485, 484, 99, 93, 13.15, 13.19, 137, 1
2018-4-29 00:00:20, 485, 487, 122, 83, 13.02, 12.55, 183, 25
2018-4-29 12:00:20, 487, 483, 84, 79, 13.15, 13.00, 230, 43
2018-4-30 00:00:20, 493, 488, 61, 88, 13.02, 12.55, 92, 15
2018-4-30 12:00:20, 485, 490, 100, 78, 13.22, 13.24, 242, 46
2018-5-1 00:00:20, 493, 487, 66, 90, 13.09, 12.50, 179, 10
2018-5-1 12:00:20, 477, 489, 52, 84, 13.22, 13.24, 140, 120
2018-5-2 00:00:20, 490, 486, 77, 90, 13.09, 12.55, 179, 2
2018-5-2 12:00:20, 482, 488, 82, 81, 13.22, 13.24, 129, 28
2018-5-3 00:00:20, 493, 489, 68, 79, 13.02, 12.55, 274, 51
2018-5-3 12:00:20, 487, 489, 73, 93, 13.22, 13.32, 94, 7
2018-5-4 00:00:20, 490, 484, 75, 80, 13.02, 12.39, 179, 60
2018-5-4 12:00:20, 490, 488, 91, 95, 13.09, 12.92, 176, 42
2018-5-5 00:00:20, 493, 488, 69, 82, 13.02, 12.55, 103, 44
2018-5-5 12:00:20, 485, 489, 155, 91, 13.15, 13.11, 167, 11
2018-5-6 00:00:20, 490, 489, 61, 78, 13.02, 12.50, 279, 8
2018-5-6 12:00:20, 482, 489, 86, 83, 13.15, 13.00, 124, 15
2018-5-7 00:00:20, 495, 488, 94, 85, 13.02, 12.50, 170, 47
2018-5-7 12:00:20, 485, 491, 65, 73, 13.09, 12.68, 566, 66
2018-5-8 00:00:20, 490, 490, 85, 85, 13.02, 12.55, 356, 5
2018-5-8 12:00:20, 490, 490, 151, 80, 13.22, 13.32, 217, 5
2018-5-9 00:00:20, 493, 489, 57, 83, 13.02, 12.52, 187, 3
2018-5-9 12:00:20, 490, 492, 124, 78, 13.15, 13.19, 312, 109
2018-5-10 00:00:20, 495, 486, 57, 80, 13.09, 12.58, 176, 34
2018-5-10 12:00:20, 482, 488, 76, 90, 13.09, 12.58, 197, 6
2018-5-11 00:00:20, 493, 488, 55, 86, 13.09, 12.60, 224, 52
2018-5-11 12:00:20, 482, 487, 61, 71, 13.09, 12.55, 428, 22
2018-5-12 00:00:20, 495, 488, 66, 78, 13.09, 12.58, 1189, 98
2018-5-12 12:00:20, 503, 495, 101, 75, 13.22, 13.32, 181, 20
2018-5-13 00:00:20, 485, 487, 70, 76, 13.02, 12.55, 246, 19
2018-5-13 12:00:20, 482, 484, 105, 81, 13.15, 13.11, 419, 46
2018-5-14 00:00:20, 487, 488, 124, 85, 13.02, 12.50, 463, 23
2018-5-14 12:00:20, 482, 488, 50, 94, 13.15, 13.13, 220, 10
2018-5-15 00:00:20, 495, 488, 90, 85, 13.02, 12.55, 292, 90
2018-5-15 12:00:20, 482, 489, 79, 97, 13.09, 12.58, 238, 95
2018-5-16 00:00:20, 495, 488, 66, 82, 13.02, 12.58, 152, 8
2018-5-16 12:00:20, 482, 489, 126, 82, 13.15, 13.00, 81, 12
2018-5-17 00:00:20, 495, 489, 79, 91, 13.02, 12.58, 329, 105
2018-5-17 12:00:20, 487, 489, 89, 76, 13.09, 12.58, 187, 111
2018-5-18 00:00:20, 495, 489, 83, 79, 13.02, 12.58, 145, 84
2018-5-18 12:00:20, 485, 489, 66, 77, 13.09, 12.87, 318, 3
2018-5-19 00:00:20, 477, 484, 51, 85, 13.02, 12.52, 164, 13
2018-5-19 12:00:20, 485, 481, 69, 82, 13.15, 13.03, 347, 47
2018-5-20 00:00:20, 482, 484, 77, 81, 13.02, 12.55, 151, 89
2018-5-20 12:00:20, 495, 483, 103, 81, 13.15, 13.08, 125, 11
2018-5-21 00:00:20, 479, 487, 55, 84, 13.02, 12.58, 134, 55
2018-5-21 12:00:20, 485, 482, 78, 80, 13.02, 12.52, 444, 18
2018-5-22 00:00:20, 477, 486, 54, 81, 13.02, 12.55, 261, 18
2018-5-22 12:00:20, 482, 480, 84, 79, 13.09, 12.58, 158, 12
2018-5-23 00:00:20, 474, 481, 72, 80, 13.02, 12.55, 469, 68
2018-5-23 12:00:20, 479, 475, 73, 85, 13.15, 13.08, 151, 72
2018-5-24 00:00:20, 464, 474, 65, 75, 13.02, 12.55, 154, 40
2018-5-24 12:00:20, 458, 463, 78, 86, 13.15, 13.16, 103, 32
2018-5-25 00:00:20, 456, 459, 55, 79, 13.02, 12.52, 440, 35
2018-5-25 12:00:20, 461, 459, 97, 69, 13.15, 13.03, 240, 4
2018-5-26 00:00:20, 456, 463, 95, 73, 13.09, 12.58, 86, 3
2018-5-26 12:00:20, 461, 457, 51, 71, 13.15, 13.03, 107, 29
2018-5-27 00:00:20, 472, 465, 102, 72, 13.02, 12.52, 187, 18
2018-5-27 12:00:20, 464, 470, 75, 72, 13.15, 12.92, 208, 3
2018-5-28 00:00:20, 472, 468, 66, 84, 13.02, 12.39, 71, 27
2018-5-28 12:00:20, 472, 474, 51, 81, 13.22, 13.13, 128, 52
2018-5-29 00:00:20, 472, 474, 73, 78, 13.02, 12.50, 246, 23
2018-5-29 12:00:20, 479, 475, 72, 80, 13.15, 12.95, 304, 12
2018-5-30 00:00:20, 474, 475, 90, 75, 13.02, 12.52, 147, 15
2018-5-30 12:00:20, 474, 475, 109, 100, 13.15, 13.00, 125, 56
2018-5-31 00:00:20, 472, 474, 83, 90, 13.02, 12.36, 265, 9
2018-5-31 12:00:20, 472, 471, 68, 83, 13.15, 13.11, 155, 31
2018-6-1 00:00:20, 474, 472, 73, 87, 13.02, 12.55, 447, 14
2018-6-1 12:00:20, 464, 472, 115, 92, 13.09, 12.84, 484, 19
2018-6-2 00:00:20, 472, 472, 113, 89, 13.02, 12.58, 184, 11
2018-6-2 12:00:20, 472, 472, 93, 82, 13.09, 12.71, 719, 0
2018-6-3 00:00:20, 469, 477, 98, 86, 13.02, 12.52, 272, 26
2018-6-3 12:00:20, 472, 473, 84, 87, 13.15, 13.16, 121, 36
2018-6-4 00:00:20, 474, 481, 80, 75, 13.02, 12.52, 328, 62
2018-6-4 12:00:20, 477, 474, 68, 81, 13.15, 13.03, 486, 10
2018-6-5 00:00:20, 477, 479, 103, 97, 13.02, 12.36, 205, 11
2018-6-5 12:00:20, 479, 478, 68, 87, 13.22, 13.19, 540, 46
2018-6-6 00:00:20, 479, 481, 128, 80, 13.02, 12.55, 246, 20
2018-6-6 12:00:20, 477, 475, 59, 85, 13.09, 12.52, 293, 13
2018-6-7 00:00:20, 477, 481, 79, 93, 13.02, 12.58, 343, 22
2018-6-7 12:00:20, 474, 476, 105, 80, 13.15, 13.03, 63, 1
2018-6-8 00:00:20, 474, 478, 62, 92, 13.02, 12.50, 236, 20
2018-6-8 12:00:20, 479, 474, 97, 86, 13.09, 12.92, 277, 7
2018-6-9 00:00:20, 474, 478, 78, 95, 13.02, 12.55, 153, 10
2018-6-9 12:00:20, 479, 474, 64, 86, 13.15, 13.00, 205, 14
2018-6-10 00:00:20, 469, 478, 145, 91, 13.02, 12.52, 147, 51
2018-6-10 12:00:20, 466, 468, 52, 113, 13.22, 13.48, 101, 6
2018-6-11 00:00:20, 458, 468, 106, 92, 13.02, 12.55, 210, 33
2018-6-11 12:00:20, 469, 465, 148, 125, 13.15, 13.40, 167, 27
2018-6-12 00:00:20, 466, 470, 87, 97, 13.02, 12.55, 191, 32
2018-6-12 12:00:20, 469, 469, 95, 106, 13.22, 13.58, 232, 56
2018-6-13 00:00:20, 464, 471, 71, 111, 13.02, 12.55, 280, 50
2018-6-13 12:00:20, 466, 465, 92, 95, 13.15, 13.26, 172, 43
2018-6-14 00:00:20, 466, 469, 84, 100, 13.02, 12.55, 275, 107
2018-6-14 12:00:20, 472, 468, 61, 97, 13.22, 13.32, 263, 30
2018-6-15 00:00:20, 466, 475, 124, 85, 13.02, 12.52, 159, 41
2018-6-15 12:00:20, 466, 468, 85, 88, 13.22, 13.29, 382, 19
2018-6-16 00:00:20, 466, 472, 57, 111, 13.02, 12.55, 241, 27
2018-6-16 12:00:20, 464, 466, 119, 92, 13.15, 12.97, 178, 42
2018-6-17 00:00:20, 464, 468, 85, 116, 13.02, 12.52, 197, 32
2018-6-17 12:00:20, 469, 466, 116, 109, 13.09, 12.50, 265, 115
2018-6-18 00:00:20, 469, 471, 64, 118, 13.02, 12.58, 167, 34
2018-6-18 12:00:20, 469, 468, 130, 93, 13.09, 12.50, 263, 79
2018-6-19 00:00:20, 466, 474, 96, 112, 13.02, 12.58, 254, 78
2018-6-19 12:00:20, 472, 471, 118, 126, 13.09, 12.66, 221, 114
2018-6-20 00:00:20, 464, 468, 337, 126, 13.02, 12.55, 182, 98
2018-6-20 12:00:20, 461, 464, 66, 135, 13.15, 12.97, 220, 47
2018-6-21 00:00:20, 461, 471, 99, 146, 13.02, 12.39, 255, 74
2018-6-21 12:00:20, 461, 460, 304, 190, 13.15, 12.87, 395, 21
2018-6-22 00:00:20, 472, 472, 66, 156, 13.02, 12.55, 147, 7
2018-6-22 12:00:20, 472, 475, 72, 76, 13.22, 13.24, 222, 5
2018-6-23 00:00:20, 472, 473, 64, 81, 13.02, 12.55, 311, 8
2018-6-23 12:00:20, 472, 470, 132, 82, 13.15, 13.19, 300, 30
2018-6-24 00:00:20, 469, 474, 101, 81, 13.02, 12.52, 171, 36
2018-6-24 12:00:20, 469, 467, 78, 89, 13.22, 13.21, 151, 66
2018-6-25 00:00:20, 469, 473, 84, 87, 13.02, 12.55, 205, 71
2018-6-25 12:00:20, 466, 467, 83, 87, 13.15, 13.00, 291, 71
2018-6-26 00:00:20, 464, 467, 59, 73, 13.02, 12.50, 287, 20
2018-6-26 12:00:20, 469, 466, 59, 96, 13.09, 12.68, 183, 40
2018-6-27 00:00:20, 464, 467, 95, 82, 13.02, 12.52, 212, 13
2018-6-27 12:00:20, 464, 462, 57, 83, 13.09, 12.92, 135, 14
2018-6-28 00:00:20, 461, 466, 72, 91, 13.02, 12.52, 240, 17
2018-6-28 12:00:20, 474, 466, 106, 82, 13.09, 12.81, 144, 26
2018-6-29 00:00:20, 466, 471, 70, 93, 13.02, 12.50, 223, 12
2018-6-29 12:00:20, 466, 465, 85, 91, 13.22, 13.21, 252, 34
2018-6-30 00:00:20, 469, 470, 88, 82, 13.02, 12.52, 192, 34
2018-6-30 12:00:20, 472, 469, 69, 96, 13.02, 12.58, 231, 50
2018-7-1 00:00:20, 469, 476, 110, 90, 13.02, 12.34, 131, 11
2018-7-1 12:00:20, 469, 468, 75, 93, 13.15, 13.00, 183, 33
2018-7-2 00:00:20, 469, 470, 57, 84, 13.02, 12.47, 151, 4
2018-7-2 12:00:20, 477, 470, 66, 84, 13.15, 12.95, 156, 20
2018-7-3 00:00:20, 469, 472, 76, 81, 13.02, 12.47, 117, 33
2018-7-3 12:00:20, 477, 472, 106, 91, 13.15, 13.21, 162, 9
2018-7-4 00:00:20, 466, 469, 120, 80, 13.02, 12.52, 129, 2
2018-7-4 12:00:20, 464, 465, 49, 80, 13.15, 13.05, 162, 31
2018-7-5 00:00:20, 466, 468, 104, 85, 13.02, 12.50, 128, 54
2018-7-5 12:00:20, 464, 467, 105, 91, 13.15, 13.16, 123, 35
2018-7-6 00:00:20, 466, 467, 62, 84, 13.09, 12.55, 133, 10
2018-7-6 12:00:20, 466, 467, 103, 83, 13.22, 13.24, 164, 31
2018-7-7 00:00:20, 466, 466, 64, 84, 13.02, 12.52, 258, 1
2018-7-7 12:00:20, 466, 466, 110, 101, 13.15, 12.92, 388, 86
2018-7-8 00:00:20, 466, 467, 100, 109, 13.02, 12.50, 249, 25
2018-7-8 12:00:20, 469, 466, 122, 86, 13.15, 13.08, 183, 47
2018-7-9 00:00:20, 466, 470, 66, 87, 13.02, 12.50, 369, 54
2018-7-9 12:00:20, 474, 470, 65, 77, 13.15, 13.05, 121, 0
2018-7-10 00:00:20, 464, 474, 91, 80, 13.02, 12.50, 234, 14
2018-7-10 12:00:20, 469, 468, 93, 87, 13.15, 13.19, 224, 38
2018-7-11 00:00:20, 466, 468, 101, 85, 13.02, 12.44, 107, 13
2018-7-11 12:00:20, 469, 466, 68, 93, 13.15, 12.95, 204, 1
2018-7-12 00:00:20, 469, 467, 88, 88, 13.02, 12.47, 144, 44
2018-7-12 12:00:20, 469, 467, 82, 86, 13.15, 13.29, 281, 11
2018-7-13 00:00:20, 469, 470, 68, 95, 13.02, 12.47, 219, 35
2018-7-13 12:00:20, 469, 468, 106, 90, 13.02, 12.55, 342, 4
2018-7-14 00:00:20, 472, 473, 102, 112, 13.02, 12.52, 191, 35
2018-7-14 12:00:20, 464, 468, 95, 172, 13.09, 12.79, 134, 4
2018-7-15 00:00:20, 469, 469, 76, 150, 13.02, 12.44, 113, 45
2018-7-15 12:00:20, 466, 472, 132, 90, 13.09, 12.81, 243, 30
2018-7-16 00:00:20, 469, 471, 64, 93, 13.02, 12.42, 164, 61
2018-7-16 12:00:20, 472, 473, 90, 119, 13.15, 13.16, 243, 15
2018-7-17 00:00:20, 469, 472, 93, 108, 13.02, 12.52, 231, 40
2018-7-17 12:00:20, 472, 473, 52, 103, 13.15, 13.16, 182, 17
2018-7-18 00:00:20, 472, 470, 377, 102, 13.02, 12.50, 855, 26
2018-7-18 12:00:20, 474, 471, 111, 131, 13.09, 12.71, 168, 15
2018-7-19 00:00:20, 464, 471, 112, 109, 13.02, 12.52, 202, 42
2018-7-19 12:00:20, 474, 473, 131, 99, 13.15, 13.11, 377, 28
2018-7-20 00:00:20, 474, 476, 72, 124, 13.02, 12.52, 217, 65
2018-7-20 12:00:20, 474, 472, 190, 146, 13.09, 12.66, 106, 41
2018-7-21 00:00:20, 469, 477, 76, 132, 13.02, 12.52, 236, 21
2018-7-21 12:00:20, 477, 476, 78, 107, 13.09, 12.84, 413, 41
2018-7-22 00:00:20, 474, 473, 34, 103, 13.02, 12.50, 180, 47
2018-7-22 12:00:20, 472, 476, 103, 95, 13.15, 13.21, 139, 16
2018-7-23 00:00:20, 474, 479, 84, 139, 13.02, 12.55, 262, 49
2018-7-23 12:00:20, 479, 479, 270, 108, 13.15, 13.13, 408, 24
2018-7-24 00:00:20, 479, 482, 94, 211, 13.02, 12.42, 120, 16
2018-7-24 12:00:20, 479, 480, 119, 220, 13.15, 13.03, 342, 38
2018-7-25 00:00:20, 474, 482, 96, 193, 13.02, 12.47, 347, 32
2018-7-25 12:00:20, 487, 483, 62, 108, 13.02, 12.55, 383, 22
